sample,Shannon.Wiener,Simpson,observed_species,Chao1,ACE,pielou
S1,1.38688620240061,0.638237847222222,10,12,16.242214532872,0.602317024730342
S2,2.04602605218788,0.845018628731795,13,13.3333333333333,15.0061111111111,0.797686724783049
S3,2.24072724024204,0.86509352898407,13,13,13.3499259259259,0.87359511942163
S4,2.06924858539901,0.846523668639053,12,13,14.0922722029988,0.832726889589815
S5,1.93817806764867,0.826174377390605,12,13,13.2585034013605,0.779980232985423
S6,1.78533166029696,0.762969964293216,13,16,17.862409479921,0.69604947758651
S7,2.21072585366193,0.86484798000833,12,12,12.265824567994,0.889661530685884
S8,0.44729053497883,0.161394131395483,10,16,14.2909090909091,0.194255811148859
